question_id,question_type,question_text,reference_answer,naive_answer,naive_correctness_0_to_2,naive_completeness_0_to_2,naive_status,bm25_rag_answer,bm25_correctness_0_to_2,dense_rag_answer,dense_correctness_0_to_2,best_rag_system,best_rag_correctness_0_to_2,retrieval_improved_answer
1,factoid,"Does Material UI include a Menubar component out of the box, and what do I need to install to use the menubar shown in the docs?","No. Material UI does not include a Menubar component out of the box. The Menubar shown in the documentation is composed using Base UI, so you must install the @base-ui/react package.","Material-UI does not include a built-in Menubar component out of the box. To use a Menubar from the documentation, you would typically need to install the `@mui/material` package or import components directly from MUI. However, for a Menubar, you might need to look into third-party packages or create your own custom solution using MUI's other components.",1,1,partially correct,"No, Material UI does not include a Menubar component out of the box [1]. To use the Menubar shown in the docs, you need to install Base UI first [1]. After installation, you can copy and paste the provided code snippets into your project.",1,"Material UI does not include a menu bar component out of the box [1]. To use the menubar shown in the docs, you need to install Base UI first [1], which is required because the menubar components are composed with Base UI's `Menubar` component and styled to align with Material Design specifications [1]. After installing Base UI, you can copy and paste the provided code snippets into your project [1].",1,tie,1,False
2,factoid,Which prop keeps the CircularProgress track visible at all times?,Pass the enableTrackSlot prop to keep the CircularProgress track visible at all times.,The prop that keeps the CircularProgress track visible at all times is `trackProps`.,0,0,incorrect,"[1],[2]",0,Prop `enableTrackSlot`: type bool. Default: false. [2],2,dense,2,True
3,factoid,From which Material UI version is the loading prop available on Button?,The loading prop is available on the standard Material UI Button starting from version 6.4.0.,The loading prop became available in Material UI version 4.0.0.,0,0,incorrect,"From Material UI v6.4.0, the loading prop is available on Button. [2]",2,"From v6.4.0, the loading prop is available on the Button component. [2]",2,tie,2,True
4,factoid,Why does showing a tooltip on touch devices require a long press?,A tooltip requires a long press on touch devices because the enterTouchDelay prop is set to 700 milliseconds by default.,"Tooltip functionality in Material-UI is designed for keyboard navigation, so it requires a long press on touch devices to mimic the hover behavior of mouse interactions.",0,0,incorrect,The touch action requires a long press due to the `enterTouchDelay` prop being set to `700`ms by default [3].,2,"Showing a tooltip on touch devices requires a long press because the `enterTouchDelay` prop is set to 700ms by default, which is different from the `enterDelay` prop used for mouse interactions. [4]",2,tie,2,True
5,factoid,"How do I customize the surplus avatar in an AvatarGroup, and what argument does the callback receive?","Set the renderSurplus prop to a callback to customize the surplus avatar. The callback receives the surplus number, calculated from the children and the max prop, and should return a React.ReactNode.","To customize the surplus avatar in an AvatarGroup, you would typically use the `surplusVariants` prop to define how to render extra avatars. The callback function passed to this prop receives the index of the avatar being rendered.",0,0,incorrect,"To customize the surplus avatar in an AvatarGroup, use the `renderSurplus` prop as a callback. The callback receives the surplus number as an argument based on the children and the `max` prop, and should return a `React.ReactNode`. [2]",2,"To customize the surplus avatar in an AvatarGroup, set the `renderSurplus` prop as a callback function. This callback receives the surplus number as an argument based on the children and the `max` prop, and should return a `React.ReactNode`. [2]",2,tie,2,True
6,factoid,"Which Badge prop caps large numeric values, and what value does it cap at by default?","The max prop caps large numeric Badge values, and its default value is 99.",The `Badge` component in Material-UI caps large numeric values at 99 by default.,1,1,partially correct,I don't know,0,[1] Badge component's `max` prop caps large numeric values at a default value of [4] 99.,2,dense,2,True
7,factoid,"Which prop limits how many avatars an AvatarGroup shows, and what is its default value?","The max prop limits how many avatars an AvatarGroup shows, and its default value is 5.","The prop that limits how many avatars an AvatarGroup shows is `count`, and its default value is 3.",0,0,incorrect,I don't know,0,"Prop `max` limits how many avatars an AvatarGroup shows, and its default value is 5. [1] [2]",2,dense,2,True
8,multi-hop,"Which Rating prop sets the minimum increment the value can change by, and what is that prop's default?","The precision prop sets the minimum increment by which the Rating value can change, and its default value is 1.","The prop that sets the minimum increment the value can change by is `step`, and its default value is 0.1.",0,0,incorrect,I don't know,0,Prop `precision` sets the minimum increment the value can change by [2][3]. The default is 1 [2][3].,2,dense,2,True
9,multi-hop,"Which Slider prop controls stepping with Page Up/Down or Shift plus arrow keys, and what is its default compared to the default step?","The shiftStep prop controls stepping with Page Up/Down or Shift plus the arrow keys. It defaults to 10, while the normal step prop defaults to 1, so the default shiftStep is ten times larger.","The prop that controls stepping with Page Up/Down or Shift plus arrow keys in a Slider from Material-UI is `step`. Its default value is 1, whereas the default step size is also 1 unless specified otherwise.",0,0,incorrect,The `shiftStep` prop controls stepping with Page Up/Down or Shift + Arrow Up/Down keys [1]. Its default value should be divisible by the `step` [1].,1,"Prop `shiftStep` controls stepping with Page Up/Down or Shift plus arrow keys [1]. Its default is 10, which differs from the default step of 1 [1].",2,dense,2,True
10,multi-hop,"Masonry orders its children by row. Which component should I use instead to order images by column, and what determines the container heights there?",Use an ImageList configured as a masonry image list to order images by column. Its container heights are dynamically sized to reflect the aspect ratio of each image.,"For ordering images by column in Material-UI, you should use the `Grid` component. The container heights are determined by the `auto` or `fill` properties of the `Grid` item or the `Grid` itself.",0,0,incorrect,"To order images by column, you should use [ImageList](/material-ui/react-image-list/#masonry-image-list) [2]. The container heights in this case are determined by the images' dimensions, as `Masonry` orders its children by row by default. To change this behavior, you need to use [ImageList](/material-ui/react-image-list/#masonry-image-list) which orders images by column.",1,I don't know,0,bm25,1,True
