answer_id,question_id,question_type,arm,mode,retriever,question_text,reference_answer,answer_text,candidate_answer,decision,verification,exact_match,token_f1,is_exact_refusal,is_unanswerable,context_has_all_gold,expected_refusal,support_gate_correct,unsupported_answer,supported_refusal,retrieved_chunk_ids,gold_chunk_ids,cited_chunk_ids,has_valid_inline_citation,invalid_citation_numbers,citation_precision,citation_recall
1-naive,1,factoid,naive,naive,,"Does Material UI include a Menubar component out of the box, and what do I need to install to use the menubar shown in the docs?","No. Material UI does not include a Menubar component out of the box. The Menubar shown in the documentation is composed using Base UI, so you must install the @base-ui/react package.","Material-UI does not include a built-in Menubar component out of the box. To use a Menubar from the documentation, you would typically need to install the `@mui/material` package or import components directly from MUI. However, for a Menubar, you might need to look into third-party packages or create your own custom solution using MUI's other components.",,,,False,0.45161290322580644,False,False,,,,,,[],"[""prose__menubar__chunk_0001""]",[],False,[],0.0,0.0
1-rag-dense,1,factoid,rag_dense,rag,dense,"Does Material UI include a Menubar component out of the box, and what do I need to install to use the menubar shown in the docs?","No. Material UI does not include a Menubar component out of the box. The Menubar shown in the documentation is composed using Base UI, so you must install the @base-ui/react package.","Material UI does not include a menu bar component out of the box [1]. To use the menubar shown in the docs, you need to install Base UI first [1], and then you can copy and paste the provided code snippets into your project [1].","Material UI does not include a menu bar component out of the box [1]. To use the menubar shown in the docs, you need to install Base UI first [1], and then you can copy and paste the provided code snippets into your project [1].",accepted without verifier,NOT RUN,False,0.56,False,False,True,False,True,False,False,"[""prose__menubar__chunk_0001"", ""prose__menubar__chunk_0008"", ""prose__menubar__chunk_0002"", ""prose__menubar__chunk_0006"", ""prose__menubar__chunk_0007""]","[""prose__menubar__chunk_0001""]","[""prose__menubar__chunk_0001""]",True,[],1.0,1.0
1-rag-bm25,1,factoid,rag_bm25,rag,bm25,"Does Material UI include a Menubar component out of the box, and what do I need to install to use the menubar shown in the docs?","No. Material UI does not include a Menubar component out of the box. The Menubar shown in the documentation is composed using Base UI, so you must install the @base-ui/react package.","No, Material UI does not include a Menubar component out of the box [1]. To use the Menubar shown in the docs, you need to install Base UI first [1]. After installation, you can copy and paste the provided code snippets into your project.","No, Material UI does not include a Menubar component out of the box [1]. To use the Menubar shown in the docs, you need to install Base UI first [1]. After installation, you can copy and paste the provided code snippets into your project.",accepted without verifier,NOT RUN,False,0.6133333333333334,False,False,True,False,True,False,False,"[""prose__menubar__chunk_0001"", ""prose__menubar__chunk_0002"", ""prose__menubar__chunk_0003"", ""prose__faq__chunk_0013"", ""prose__number-field__chunk_0001""]","[""prose__menubar__chunk_0001""]","[""prose__menubar__chunk_0001""]",True,[],1.0,1.0
2-naive,2,factoid,naive,naive,,Which prop keeps the CircularProgress track visible at all times?,Pass the enableTrackSlot prop to keep the CircularProgress track visible at all times.,The prop that keeps the CircularProgress track visible at all times is `trackProps`.,,,,False,0.6923076923076923,False,False,,,,,,[],"[""prose__progress__chunk_0007""]",[],False,[],0.0,0.0
2-rag-dense,2,factoid,rag_dense,rag,dense,Which prop keeps the CircularProgress track visible at all times?,Pass the enableTrackSlot prop to keep the CircularProgress track visible at all times.,Prop `enableTrackSlot`: type bool. Default: false. [2],Prop `enableTrackSlot`: type bool. Default: false. [2],accepted without verifier,NOT RUN,False,0.21052631578947367,False,False,True,False,True,False,False,"[""api__circular-progress__chunk_0001"", ""prose__progress__chunk_0007"", ""prose__progress__chunk_0002"", ""prose__progress__chunk_0006"", ""prose__progress__chunk_0003""]","[""prose__progress__chunk_0007""]","[""prose__progress__chunk_0007""]",True,[],1.0,1.0
2-rag-bm25,2,factoid,rag_bm25,rag,bm25,Which prop keeps the CircularProgress track visible at all times?,Pass the enableTrackSlot prop to keep the CircularProgress track visible at all times.,"[1],[2]","[1],[2]",accepted by verifier,YES,False,0.0,False,False,True,False,True,False,False,"[""prose__progress__chunk_0007"", ""prose__progress__chunk_0006"", ""prose__bottom-navigation__chunk_0002"", ""prose__bottom-navigation__chunk_0001"", ""prose__material-ui-sync__chunk_0006__part_002""]","[""prose__progress__chunk_0007""]","[""prose__progress__chunk_0007"", ""prose__progress__chunk_0006""]",True,[],0.5,1.0
3-naive,3,factoid,naive,naive,,From which Material UI version is the loading prop available on Button?,The loading prop is available on the standard Material UI Button starting from version 6.4.0.,The loading prop became available in Material UI version 4.0.0.,,,,False,0.6206896551724139,False,False,,,,,,[],"[""prose__buttons__chunk_0015""]",[],False,[],0.0,0.0
3-rag-dense,3,factoid,rag_dense,rag,dense,From which Material UI version is the loading prop available on Button?,The loading prop is available on the standard Material UI Button starting from version 6.4.0.,"From v6.4.0, the loading prop is available on the Button component. [2]","From v6.4.0, the loading prop is available on the Button component. [2]",accepted without verifier,NOT RUN,False,0.7333333333333334,False,False,False,True,False,True,False,"[""prose__upgrade-to-v6__chunk_0026"", ""prose__upgrade-to-v6__chunk_0027"", ""prose__supported-platforms__chunk_0003"", ""prose__buttons__chunk_0013"", ""prose__versions__chunk_0001""]","[""prose__buttons__chunk_0015""]","[""prose__upgrade-to-v6__chunk_0027""]",True,[],0.0,0.0
3-rag-bm25,3,factoid,rag_bm25,rag,bm25,From which Material UI version is the loading prop available on Button?,The loading prop is available on the standard Material UI Button starting from version 6.4.0.,"From Material UI v6.4.0, the loading prop is available on Button. [2]","From Material UI v6.4.0, the loading prop is available on Button. [2]",accepted without verifier,NOT RUN,False,0.8000000000000002,False,False,True,False,True,False,False,"[""prose__upgrade-to-v6__chunk_0026"", ""prose__upgrade-to-v6__chunk_0027"", ""prose__buttons__chunk_0015"", ""prose__button-group__chunk_0007"", ""prose__upgrade-to-v6__chunk_0009""]","[""prose__buttons__chunk_0015""]","[""prose__upgrade-to-v6__chunk_0027""]",True,[],0.0,0.0
4-naive,4,factoid,naive,naive,,Why does showing a tooltip on touch devices require a long press?,A tooltip requires a long press on touch devices because the enterTouchDelay prop is set to 700 milliseconds by default.,"Tooltip functionality in Material-UI for touch devices often requires a long press because tooltips are primarily designed for desktop use where hover events are more common, and they may not be intuitive or usable with touch interactions that rely on quick taps.",,,,False,0.28571428571428575,False,False,,,,,,[],"[""prose__tooltips__chunk_0009""]",[],False,[],0.0,0.0
4-rag-dense,4,factoid,rag_dense,rag,dense,Why does showing a tooltip on touch devices require a long press?,A tooltip requires a long press on touch devices because the enterTouchDelay prop is set to 700 milliseconds by default.,"Showing a tooltip on touch devices requires a long press because the `enterTouchDelay` prop is set to 700ms by default, which triggers the tooltip to show only after a longer duration of touching the element. [4]","Showing a tooltip on touch devices requires a long press because the `enterTouchDelay` prop is set to 700ms by default, which triggers the tooltip to show only after a longer duration of touching the element. [4]",accepted without verifier,NOT RUN,False,0.6545454545454545,False,False,True,False,True,False,False,"[""prose__tooltips__chunk_0001"", ""prose__tooltips__chunk_0017"", ""api__tooltip__chunk_0001"", ""prose__tooltips__chunk_0009"", ""prose__tooltips__chunk_0016""]","[""prose__tooltips__chunk_0009""]","[""prose__tooltips__chunk_0009""]",True,[],1.0,1.0
4-rag-bm25,4,factoid,rag_bm25,rag,bm25,Why does showing a tooltip on touch devices require a long press?,A tooltip requires a long press on touch devices because the enterTouchDelay prop is set to 700 milliseconds by default.,The touch action requires a long press due to the `enterTouchDelay` prop being set to `700`ms by default [3].,The touch action requires a long press due to the `enterTouchDelay` prop being set to `700`ms by default [3].,accepted without verifier,NOT RUN,False,0.6666666666666667,False,False,True,False,True,False,False,"[""prose__speed-dial__chunk_0005"", ""prose__speed-dial__chunk_0006"", ""prose__tooltips__chunk_0009"", ""prose__tooltips__chunk_0008"", ""prose__usage__usage__chunk_0003""]","[""prose__tooltips__chunk_0009""]","[""prose__tooltips__chunk_0009""]",True,[],1.0,1.0
5-naive,5,factoid,naive,naive,,"How do I customize the surplus avatar in an AvatarGroup, and what argument does the callback receive?","Set the renderSurplus prop to a callback to customize the surplus avatar. The callback receives the surplus number, calculated from the children and the max prop, and should return a React.ReactNode.","To customize the surplus avatar in an AvatarGroup, you would typically use the `surplusVariants` prop to define how to render extra avatars. The callback function passed to `surplusVariants` receives the index of the surplus avatar and the total number of avatars in the group.",,,,False,0.4473684210526316,False,False,,,,,,[],"[""prose__avatars__chunk_0009""]",[],False,[],0.0,0.0
5-rag-dense,5,factoid,rag_dense,rag,dense,"How do I customize the surplus avatar in an AvatarGroup, and what argument does the callback receive?","Set the renderSurplus prop to a callback to customize the surplus avatar. The callback receives the surplus number, calculated from the children and the max prop, and should return a React.ReactNode.","To customize the surplus avatar in an AvatarGroup, set the `renderSurplus` prop as a callback function. This callback receives the surplus number as an argument based on the children and the `max` prop, and should return a `React.ReactNode`. [2]","To customize the surplus avatar in an AvatarGroup, set the `renderSurplus` prop as a callback function. This callback receives the surplus number as an argument based on the children and the `max` prop, and should return a `React.ReactNode`. [2]",accepted without verifier,NOT RUN,False,0.7887323943661971,False,False,True,False,True,False,False,"[""prose__avatars__chunk_0009"", ""prose__avatars__chunk_0010"", ""prose__avatars__chunk_0008"", ""api__avatar-group__chunk_0001"", ""prose__avatars__chunk_0007""]","[""prose__avatars__chunk_0009""]","[""prose__avatars__chunk_0010""]",True,[],0.0,0.0
5-rag-bm25,5,factoid,rag_bm25,rag,bm25,"How do I customize the surplus avatar in an AvatarGroup, and what argument does the callback receive?","Set the renderSurplus prop to a callback to customize the surplus avatar. The callback receives the surplus number, calculated from the children and the max prop, and should return a React.ReactNode.","To customize the surplus avatar in an AvatarGroup, set the `renderSurplus` prop as a callback. The callback receives the surplus number as an argument based on the children and the `max` prop, and should return a `React.ReactNode`. [2]","To customize the surplus avatar in an AvatarGroup, set the `renderSurplus` prop as a callback. The callback receives the surplus number as an argument based on the children and the `max` prop, and should return a `React.ReactNode`. [2]",accepted without verifier,NOT RUN,False,0.8285714285714286,False,False,True,False,True,False,False,"[""prose__avatars__chunk_0009"", ""prose__avatars__chunk_0010"", ""prose__migrating-from-deprecated-apis__chunk_0024"", ""prose__upgrade-to-v9__chunk_0032"", ""prose__faq__chunk_0013""]","[""prose__avatars__chunk_0009""]","[""prose__avatars__chunk_0010""]",True,[],0.0,0.0
6-naive,6,factoid,naive,naive,,"Which Badge prop caps large numeric values, and what value does it cap at by default?","The max prop caps large numeric Badge values, and its default value is 99.",The `Badge` component in Material-UI caps large numeric values at 99 by default.,,,,False,0.5714285714285714,False,False,,,,,,[],"[""api__badge__chunk_0001""]",[],False,[],0.0,0.0
6-rag-dense,6,factoid,rag_dense,rag,dense,"Which Badge prop caps large numeric values, and what value does it cap at by default?","The max prop caps large numeric Badge values, and its default value is 99.","[1] Badge component's `max` prop caps large numeric values at a default value of [4] Rating component's `max` prop. However, since the question asks specifically about the Badge component, the default value is [4] Rating component's `max` prop, which is 5.","[1] Badge component's `max` prop caps large numeric values at a default value of [4] Rating component's `max` prop. However, since the question asks specifically about the Badge component, the default value is [4] Rating component's `max` prop, which is 5.",accepted without verifier,NOT RUN,False,0.423076923076923,False,False,True,False,True,False,False,"[""prose__badges__chunk_0006"", ""api__badge__chunk_0001"", ""prose__badges__chunk_0005"", ""api__rating__chunk_0001"", ""prose__badges__chunk_0003""]","[""api__badge__chunk_0001""]","[""prose__badges__chunk_0006"", ""api__rating__chunk_0001""]",True,[],0.0,0.0
6-rag-bm25,6,factoid,rag_bm25,rag,bm25,"Which Badge prop caps large numeric values, and what value does it cap at by default?","The max prop caps large numeric Badge values, and its default value is 99.",I don't know,[1] and [2],rejected by verifier,NO,False,0.0,True,False,False,True,True,False,False,"[""prose__badges__chunk_0005"", ""prose__badges__chunk_0006"", ""prose__avatars__chunk_0011"", ""prose__palette__chunk_0008"", ""prose__text-fields__chunk_0022""]","[""api__badge__chunk_0001""]",[],False,[],0.0,0.0
7-naive,7,factoid,naive,naive,,"Which prop limits how many avatars an AvatarGroup shows, and what is its default value?","The max prop limits how many avatars an AvatarGroup shows, and its default value is 5.","The prop that limits how many avatars an AvatarGroup shows is `count`, and its default value is 3.",,,,False,0.823529411764706,False,False,,,,,,[],"[""api__avatar-group__chunk_0001""]",[],False,[],0.0,0.0
7-rag-dense,7,factoid,rag_dense,rag,dense,"Which prop limits how many avatars an AvatarGroup shows, and what is its default value?","The max prop limits how many avatars an AvatarGroup shows, and its default value is 5.","Prop `max` limits how many avatars an AvatarGroup shows, and its default value is [1].","Prop `max` limits how many avatars an AvatarGroup shows, and its default value is [1].",accepted without verifier,NOT RUN,False,0.9333333333333333,False,False,True,False,True,False,False,"[""api__avatar-group__chunk_0001"", ""prose__avatars__chunk_0008"", ""prose__avatars__chunk_0007"", ""prose__avatars__chunk_0009"", ""prose__avatars__chunk_0011""]","[""api__avatar-group__chunk_0001""]","[""api__avatar-group__chunk_0001""]",True,[],1.0,1.0
7-rag-bm25,7,factoid,rag_bm25,rag,bm25,"Which prop limits how many avatars an AvatarGroup shows, and what is its default value?","The max prop limits how many avatars an AvatarGroup shows, and its default value is 5.",I don't know,"The `max` prop limits how many avatars an AvatarGroup shows [1]. The default value of `max` is not specified in the given passages; however, it can be inferred that since no specific default is mentioned, it might be `undefined` or `null`, allowing for unlimited avatars unless otherwise specified.",uncertainty language,NOT RUN,False,0.0,True,False,False,True,True,False,False,"[""prose__avatars__chunk_0008"", ""prose__avatars__chunk_0007"", ""prose__v5-component-changes__chunk_0019"", ""prose__api__chunk_0008"", ""prose__dividers__chunk_0010""]","[""api__avatar-group__chunk_0001""]",[],False,[],0.0,0.0
8-naive,8,multi-hop,naive,naive,,"Which Rating prop sets the minimum increment the value can change by, and what is that prop's default?","The precision prop sets the minimum increment by which the Rating value can change, and its default value is 1.","The prop that sets the minimum increment the value can change by is `step`, and its default value is 0.1.",,,,False,0.8292682926829269,False,False,,,,,,[],"[""prose__rating__chunk_0002"", ""api__rating__chunk_0001""]",[],False,[],0.0,0.0
8-rag-dense,8,multi-hop,rag_dense,rag,dense,"Which Rating prop sets the minimum increment the value can change by, and what is that prop's default?","The precision prop sets the minimum increment by which the Rating value can change, and its default value is 1.",Prop `precision` sets the minimum increment the value can change by [2][3]. The default is 1 [2][3].,Prop `precision` sets the minimum increment the value can change by [2][3]. The default is 1 [2][3].,accepted without verifier,NOT RUN,False,0.8571428571428571,False,False,True,False,True,False,False,"[""api__rating__chunk_0001"", ""prose__rating__chunk_0002"", ""prose__rating__chunk_0003"", ""prose__rating__chunk_0004"", ""prose__rating__chunk_0009""]","[""prose__rating__chunk_0002"", ""api__rating__chunk_0001""]","[""prose__rating__chunk_0002"", ""prose__rating__chunk_0003""]",True,[],0.5,0.5
8-rag-bm25,8,multi-hop,rag_bm25,rag,bm25,"Which Rating prop sets the minimum increment the value can change by, and what is that prop's default?","The precision prop sets the minimum increment by which the Rating value can change, and its default value is 1.",I don't know,The `precision` prop sets the minimum increment value change allowed [1]. The default value is not specified in the given passages.,uncertainty language,NOT RUN,False,0.0,True,False,False,True,True,False,False,"[""prose__rating__chunk_0002"", ""prose__rating__chunk_0003"", ""prose__slider__chunk_0005"", ""prose__slider__chunk_0004"", ""prose__v5-component-changes__chunk_0116""]","[""prose__rating__chunk_0002"", ""api__rating__chunk_0001""]",[],False,[],0.0,0.0
9-naive,9,multi-hop,naive,naive,,"Which Slider prop controls stepping with Page Up/Down or Shift plus arrow keys, and what is its default compared to the default step?","The shiftStep prop controls stepping with Page Up/Down or Shift plus the arrow keys. It defaults to 10, while the normal step prop defaults to 1, so the default shiftStep is ten times larger.","The prop that controls stepping with Page Up/Down or Shift plus arrow keys in a Slider from Material-UI is `step`. Its default value is 1, whereas the default step size is also 1 unless specified otherwise.",,,,False,0.4931506849315068,False,False,,,,,,[],"[""prose__slider__chunk_0004"", ""api__slider__chunk_0001""]",[],False,[],0.0,0.0
9-rag-dense,9,multi-hop,rag_dense,rag,dense,"Which Slider prop controls stepping with Page Up/Down or Shift plus arrow keys, and what is its default compared to the default step?","The shiftStep prop controls stepping with Page Up/Down or Shift plus the arrow keys. It defaults to 10, while the normal step prop defaults to 1, so the default shiftStep is ten times larger.","Prop `shiftStep` controls stepping with Page Up/Down or Shift plus arrow keys [1]. Its default is 10, which differs from the default step of 1 [1].","Prop `shiftStep` controls stepping with Page Up/Down or Shift plus arrow keys [1]. Its default is 10, which differs from the default step of 1 [1].",accepted without verifier,NOT RUN,False,0.6333333333333332,False,False,False,True,False,True,False,"[""api__slider__chunk_0001"", ""api__stepper__chunk_0001"", ""api__mobile-stepper__chunk_0001"", ""api__pagination__chunk_0001"", ""api__slide__chunk_0001""]","[""prose__slider__chunk_0004"", ""api__slider__chunk_0001""]","[""api__slider__chunk_0001""]",True,[],1.0,0.5
9-rag-bm25,9,multi-hop,rag_bm25,rag,bm25,"Which Slider prop controls stepping with Page Up/Down or Shift plus arrow keys, and what is its default compared to the default step?","The shiftStep prop controls stepping with Page Up/Down or Shift plus the arrow keys. It defaults to 10, while the normal step prop defaults to 1, so the default shiftStep is ten times larger.",The `shiftStep` prop controls stepping with Page Up/Down or Shift + Arrow Up/Down keys [1]. Its default value should be divisible by the `step` [1].,The `shiftStep` prop controls stepping with Page Up/Down or Shift + Arrow Up/Down keys [1]. Its default value should be divisible by the `step` [1].,accepted without verifier,NOT RUN,False,0.5423728813559322,False,False,False,True,False,True,False,"[""prose__slider__chunk_0004"", ""prose__slider__chunk_0005"", ""prose__upgrade-to-v9__chunk_0020"", ""prose__upgrade-to-v9__chunk_0021"", ""prose__palette__chunk_0009""]","[""prose__slider__chunk_0004"", ""api__slider__chunk_0001""]","[""prose__slider__chunk_0004""]",True,[],1.0,0.5
10-naive,10,multi-hop,naive,naive,,"Masonry orders its children by row. Which component should I use instead to order images by column, and what determines the container heights there?",Use an ImageList configured as a masonry image list to order images by column. Its container heights are dynamically sized to reflect the aspect ratio of each image.,"For ordering images in a column layout, you should use the `Grid` component from Material-UI. The container heights are determined by the `auto` or `fill` properties of the `Grid` item or the `Grid` itself, ensuring that items expand to fill available space.",,,,False,0.3098591549295775,False,False,,,,,,[],"[""prose__masonry__chunk_0002"", ""prose__image-list__chunk_0004""]",[],False,[],0.0,0.0
10-rag-dense,10,multi-hop,rag_dense,rag,dense,"Masonry orders its children by row. Which component should I use instead to order images by column, and what determines the container heights there?",Use an ImageList configured as a masonry image list to order images by column. Its container heights are dynamically sized to reflect the aspect ratio of each image.,"To order images by column, check out [ImageList](/material-ui/react-image-list/#masonry-image-list) [1].

The container heights in the component determining images by column are not explicitly mentioned, but typically, such a layout would have images arranged in columns rather than rows. The specific behavior regarding container heights would depend on how the `ImageList` component handles the images within columns. [2]","To order images by column, check out [ImageList](/material-ui/react-image-list/#masonry-image-list) [1].

The container heights in the component determining images by column are not explicitly mentioned, but typically, such a layout would have images arranged in columns rather than rows. The specific behavior regarding container heights would depend on how the `ImageList` component handles the images within columns. [2]",accepted without verifier,NOT RUN,False,0.33333333333333337,False,False,False,True,False,True,False,"[""prose__masonry__chunk_0003"", ""prose__masonry__chunk_0002"", ""prose__masonry__chunk_0001"", ""prose__masonry__chunk_0004"", ""prose__masonry__chunk_0006""]","[""prose__masonry__chunk_0002"", ""prose__image-list__chunk_0004""]","[""prose__masonry__chunk_0003"", ""prose__masonry__chunk_0002""]",True,[],0.5,0.5
10-rag-bm25,10,multi-hop,rag_bm25,rag,bm25,"Masonry orders its children by row. Which component should I use instead to order images by column, and what determines the container heights there?",Use an ImageList configured as a masonry image list to order images by column. Its container heights are dynamically sized to reflect the aspect ratio of each image.,"To order images by column, you should use [ImageList](/material-ui/react-image-list/#masonry-image-list) [2]. The container heights in this case are determined by the images' dimensions, as `Masonry` orders its children by row by default. To change this behavior, you need to use [ImageList](/material-ui/react-image-list/#masonry-image-list) which orders images by column.","To order images by column, you should use [ImageList](/material-ui/react-image-list/#masonry-image-list) [2]. The container heights in this case are determined by the images' dimensions, as `Masonry` orders its children by row by default. To change this behavior, you need to use [ImageList](/material-ui/react-image-list/#masonry-image-list) which orders images by column.",accepted without verifier,NOT RUN,False,0.4090909090909091,False,False,False,True,False,True,False,"[""prose__masonry__chunk_0002"", ""prose__masonry__chunk_0003"", ""prose__masonry__chunk_0001"", ""prose__grid__chunk_0012"", ""prose__table__chunk_0002""]","[""prose__masonry__chunk_0002"", ""prose__image-list__chunk_0004""]","[""prose__masonry__chunk_0003""]",True,[],0.0,0.0
11-naive,11,unanswerable,naive,naive,,What does the type prop do in the Card MUI component?,I don't know,"The type prop in the Card MUI component is used to specify the content type, such as 'standard', 'outlined', or 'elevation'.",,,,False,0.0,False,True,,,,,,[],[],[],False,[],0.0,0.0
11-rag-dense,11,unanswerable,rag_dense,rag,dense,What does the type prop do in the Card MUI component?,I don't know,"The type prop does not appear to have a specific definition in the provided passages for the Material UI Card component. [1],[2]","The type prop does not appear to have a specific definition in the provided passages for the Material UI Card component. [1],[2]",accepted without verifier,NOT RUN,False,0.0,False,True,False,True,False,True,False,"[""prose__cards__chunk_0002"", ""prose__cards__chunk_0001"", ""api__card-header__chunk_0001"", ""api__card-media__chunk_0001"", ""api__card-content__chunk_0001""]",[],"[""prose__cards__chunk_0002"", ""prose__cards__chunk_0001""]",True,[],0.0,0.0
11-rag-bm25,11,unanswerable,rag_bm25,rag,bm25,What does the type prop do in the Card MUI component?,I don't know,I don't know,The `type` prop does not exist in the Card MUI component according to the provided passages.,uncertainty language,NOT RUN,True,1.0,True,True,False,True,True,False,False,"[""api__card__chunk_0001"", ""prose__v5-style-changes__chunk_0011"", ""prose__v5-style-changes__chunk_0012"", ""prose__cards__chunk_0008"", ""prose__cards__chunk_0002""]",[],[],False,[],0.0,0.0
12-naive,12,unanswerable,naive,naive,,How do I use the TreeView MUI component?,I don't know,"To use the TreeView MUI component, you typically import it from `@mui/x-treeview` and use it in your component's JSX, configuring props like `expanded`, `defaultExpanded`, `defaultSelected`, and `selected`. You can also customize nodes with `TreeItem` components.",,,,False,0.0,False,True,,,,,,[],[],[],False,[],0.0,0.0
12-rag-dense,12,unanswerable,rag_dense,rag,dense,How do I use the TreeView MUI component?,I don't know,I don't know,The provided passages do not contain information about the `TreeView` MUI component.,uncertainty language,NOT RUN,True,1.0,True,True,False,True,True,False,False,"[""prose__dashboard__README__chunk_0002"", ""prose__dashboard__README__chunk_0001"", ""prose__lists__chunk_0003"", ""prose__lists__chunk_0002"", ""prose__lists__chunk_0004""]",[],[],False,[],0.0,0.0
12-rag-bm25,12,unanswerable,rag_bm25,rag,bm25,How do I use the TreeView MUI component?,I don't know,I don't know,None of the provided passages contain information about how to use the TreeView MUI component.,no valid inline citation,NOT RUN,True,1.0,True,True,False,True,True,False,False,"[""prose__faq__chunk_0014"", ""prose__faq__chunk_0007"", ""prose__faq__chunk_0013"", ""prose__faq__chunk_0008"", ""prose__faq__chunk_0006""]",[],[],False,[],0.0,0.0
13-naive,13,unanswerable,naive,naive,,"The MUI Button component comes with four variants: text, contained, outlined, and one other. What is this fourth variant?",I don't know,The fourth variant of the MUI Button component is rounded.,,,,False,0.0,False,True,,,,,,[],[],[],False,[],0.0,0.0
13-rag-dense,13,unanswerable,rag_dense,rag,dense,"The MUI Button component comes with four variants: text, contained, outlined, and one other. What is this fourth variant?",I don't know,I don't know,"The MUI Button component comes with four variants: text, contained, outlined, and Floating Action Button (FAB). [4]",rejected by verifier,NO,True,1.0,True,True,False,True,True,False,False,"[""prose__buttons__chunk_0002"", ""prose__buttons__chunk_0004"", ""prose__buttons__chunk_0003"", ""prose__buttons__chunk_0018"", ""prose__buttons__chunk_0001""]",[],[],False,[],0.0,0.0
13-rag-bm25,13,unanswerable,rag_bm25,rag,bm25,"The MUI Button component comes with four variants: text, contained, outlined, and one other. What is this fourth variant?",I don't know,I don't know,one other [1],rejected by verifier,NO,True,1.0,True,True,False,True,True,False,False,"[""prose__buttons__chunk_0002"", ""prose__buttons__chunk_0001"", ""prose__alert__chunk_0005"", ""prose__upgrade-to-v9__chunk_0039__part_003"", ""prose__upgrade-to-v9__chunk_0039__part_001""]",[],[],False,[],0.0,0.0
